84.558;
87.558;
90.558;
93.558;
96.558;
99.558;
102.558;
105.558;
108.558;
111.558;Chef gériatrie centre hospitalier Chablais
114.558;
117.558;
120.558;
123.558;
126.558;
129.558;
132.558;
135.558;
138.558;
141.558;
144.558;
147.558;
150.558;
153.558;
156.558;
159.558;
162.558;
165.558;
168.558;
171.558;
174.558;
177.558;
180.558;
183.558;
186.558;
189.558;
192.558;
195.558;
198.558;
201.558;
204.558;Directrice home Le Glarier
207.558;
210.558;
213.558;
216.558;
219.558;
222.558;
225.558;
228.558;
231.558;
234.558;
237.558;
240.558;
243.558;
246.558;
249.558;
252.558;
255.558;
258.558;
261.558;
264.558;
267.558;
270.558;
273.558;
276.558;
279.558;
282.558;
285.558;
288.558;Adjoint santé Etat du Valais
291.558;
294.558;
297.558;
300.558;
303.558;
306.558;
309.558;
312.558;
315.558;
318.558;
321.558;
324.558;
327.558;
330.558;
333.558;
336.558;
339.558;
342.558;
345.558;
348.558;
351.558;
354.558;
357.558;
360.558;
363.558;
366.558;
369.558;
372.558;
375.558;
378.558;
381.558;
384.558;
387.558;
390.558;
393.558;
396.558;
399.558;
402.558;
405.558;
408.558;
411.558;
414.558;
417.558;Directrice (FXB
420.558;
423.558;
426.558;
429.558;
432.558;
435.558;
438.558;
441.558;
444.558;
447.558;
450.558;
453.558;
456.558;
459.558;
462.558;
465.558;
468.558;
471.558;
474.558;
477.558;
480.558;
483.558;
486.558;
489.558;
492.558;
495.558;
498.558;
501.558;
504.558;
507.558;
510.558;
513.558;Chef gériatrie centre hospitalier Chablais
516.558;
519.558;
522.558;
525.558;
528.558;
531.558;
534.558;
537.558;
540.558;
543.558;
546.558;
549.558;
552.558;
555.558;
558.558;
561.558;
564.558;
567.558;
570.558;
573.558;
576.558;
579.558;
582.558;
585.558;
588.558;
591.558;
594.558;
597.558;
600.558;
603.558;
606.558;
609.558;
612.558;
615.558;
618.558;
621.558;
624.558;
627.558;
630.558;
633.558;
636.558;
639.558;
642.558;
645.558;
648.558;
651.558;
654.558;
657.558;
660.558;
663.558;
666.558;
669.558;
672.558;
675.558;
678.558;Directrice home Le Glarier
681.558;
684.558;
687.558;
690.558;
693.558;
696.558;
699.558;
702.558;
705.558;
708.558;
711.558;
714.558;
717.558;
720.558;
723.558;
726.558;Directrice CFXB
729.558;Directrice (FXB
732.558;
735.558;
738.558;
741.558;
744.558;
747.558;Chef gériatrie centre hospitalier Chablais
750.558;Chef gériatrie centre hospitalier Chablais
753.558;
756.558;
759.558;
762.558;
765.558;
768.558;
771.558;
774.558;
777.558;
780.558;
783.558;
786.558;
789.558;
792.558;
795.558;
798.558;
801.558;
804.558;
807.558;
810.558;
813.558;
816.558;
